{"melhor":-8.423809995091627,"pior":21.920545254915357,"media":1.2771720233182133,"desvioPadrao":10.25000127920738}