{"melhor":-6.444187829755082,"pior":15.252028324831748,"media":2.105771194265154,"desvioPadrao":7.333468760073993}