{"melhor":-9.999933329512245,"pior":21.915099030870856,"media":0.7973450947283511,"desvioPadrao":10.539624702302369}