{"melhor":10790.373623948622,"pior":14209.148407923294,"media":12459.361917280594,"desvioPadrao":1204.112833143602}