{"melhor":10802.308288516853,"pior":12739.37168053207,"media":11982.579233792028,"desvioPadrao":621.0584519259022}