{"melhor":10182.95857312489,"pior":13548.969987416102,"media":11995.025998680056,"desvioPadrao":962.3722715769217}