{"melhor":-9.999530417953673,"pior":37.677851141035454,"media":2.7121180210143496,"desvioPadrao":15.268188212932168}