{"melhor":-9.999935302315535,"pior":15.228082640035598,"media":-1.1704067941963316,"desvioPadrao":10.061934566221879}