{"melhor":-9.951960323761009,"pior":15.218509733135141,"media":-4.509847161991551,"desvioPadrao":7.168560054947429}