{"melhor":0.005484794846836394,"pior":3.991418362356434,"media":1.229139567346505,"desvioPadrao":1.0489104026121756}