{"melhor":0.000014236838930870022,"pior":1.0287553348890146,"media":0.4293457092299528,"desvioPadrao":0.4769755496822307}