{"melhor":0.41811104633308815,"pior":3.305667710718115,"media":1.6846481132129185,"desvioPadrao":0.9007454758649969}