{"melhor":17199.95790832993,"pior":18817.347626126855,"media":18296.17270078763,"desvioPadrao":456.0119088721592}