{"melhor":16834.13306429655,"pior":19537.420253307988,"media":18397.678050237602,"desvioPadrao":867.1185130348232}