{"melhor":15978.407547089535,"pior":19929.400939294817,"media":18519.48931806444,"desvioPadrao":1104.9014911141298}