{"melhor":-9.999995410620217,"pior":-6.453906288596162,"media":-9.43902920417629,"desvioPadrao":1.0132094276232424}