{"melhor":-9.99997235473535,"pior":-8.006021618563667,"media":-9.490581784268176,"desvioPadrao":0.6625322654832425}