{"melhor":-9.997994760381856,"pior":-6.451655022388616,"media":-8.80967666492313,"desvioPadrao":1.0550141018656607}