{"melhor":0.16562124999927086,"pior":2.022190984962476,"media":0.9069830831523268,"desvioPadrao":0.5573550149147654}