{"melhor":0.694244701262205,"pior":2.0659128696278266,"media":1.324825963008773,"desvioPadrao":0.4343954232165641}