{"melhor":0.0678280863808407,"pior":1.8884742878810528,"media":0.9241981010179104,"desvioPadrao":0.5427647456967661}