{"melhor":-9.999999985885593,"pior":-0.1500260933053461,"media":-8.581459954224334,"desvioPadrao":2.8367401197474265}