{"melhor":-9.999999999999998,"pior":-9.606003824685747,"media":-9.92120076361045,"desvioPadrao":0.1575984690774732}