{"melhor":-10,"pior":-8.424015430247694,"media":-9.715996787906251,"desvioPadrao":0.4635151451257918}