{"melhor":0.18671941715990314,"pior":2.7977880927082097,"media":1.763082733406856,"desvioPadrao":0.8428460415826486}