{"melhor":0.011020543491044421,"pior":2.2040344457572107,"media":1.138717609204867,"desvioPadrao":0.6934109329027364}