{"melhor":0.1273927979168512,"pior":2.034752517734928,"media":1.2907610427253495,"desvioPadrao":0.6236628674343265}