{"melhor":14961.616045242194,"pior":18025.9159273179,"media":16395.350834145313,"desvioPadrao":949.8336359284247}