{"melhor":15381.559951041883,"pior":17305.739841830793,"media":16533.167776630566,"desvioPadrao":549.3819699346919}