{"melhor":14095.889358733208,"pior":18603.30602733704,"media":16446.466268097,"desvioPadrao":1410.9301731401645}