{"melhor":10892.415284719464,"pior":15877.96377131872,"media":14220.904479484618,"desvioPadrao":1302.4920915687028}