{"melhor":10282.296380803173,"pior":13523.156253354384,"media":12508.142944455554,"desvioPadrao":953.5717028947184}