{"melhor":12292.541986430579,"pior":14155.038044523199,"media":13112.357858026866,"desvioPadrao":625.1202993083599}