{"melhor":0.49518918442862336,"pior":2.2410331242028683,"media":1.3495463467680169,"desvioPadrao":0.6156344744633719}