{"melhor":0.17479005303059303,"pior":2.400082451461399,"media":1.356109337307263,"desvioPadrao":0.7610969726809846}