{"melhor":0.8142817378116014,"pior":2.6284263218285933,"media":1.5899737173085315,"desvioPadrao":0.5845346967684738}